{"files":{"index.html":{"frameworks":["Template-Investimento","pg.insight.events","pg.code-validator","pg.project.items","pg.asset.manager","bs3.3.7","pg.html","pg.components"],"last_page_width":1280},"index2.html":{"frameworks":["Template-Investimento","pg.insight.events","pg.code-validator","pg.project.items","pg.asset.manager","bs3.3.7","pg.html","pg.components"],"last_page_width":1280}},"breakpoints":["480px","768px","992px","1200px"],"frameworks":["Template-Investimento","pg.insight.events","pg.code-validator","pg.project.items","pg.asset.manager","bs3.3.7","pg.html","pg.components"],"template_framework_id":"bootstrap","file-picker-copy-folder":"C:\\Users\\adria\\Desktop\\Layout Site\\L2\\assets\\images"}